{"stats":{"minecraft:mined":{"minecraft:grass":1},"minecraft:custom":{"minecraft:jump":142,"minecraft:time_since_rest":492,"minecraft:damage_taken":990,"minecraft:leave_game":2,"minecraft:play_time":14453,"minecraft:time_since_death":811,"minecraft:walk_one_cm":23228,"minecraft:sprint_one_cm":17426,"minecraft:walk_on_water_one_cm":9195,"minecraft:deaths":3,"minecraft:sneak_time":14,"minecraft:total_world_time":14453,"minecraft:climb_one_cm":290,"minecraft:walk_under_water_one_cm":539,"minecraft:swim_one_cm":6678,"minecraft:fall_one_cm":4419,"minecraft:fly_one_cm":16902},"minecraft:killed_by":{"minecraft:husk":2,"minecraft:skeleton":1},"minecraft:used":{"alexsmobs:animal_dictionary":1}},"DataVersion":3465}