{"stats":{"minecraft:mined":{"minecraft:grass":16,"minecraft:fern":3},"minecraft:picked_up":{"minecraft:wheat_seeds":3},"minecraft:custom":{"minecraft:time_since_rest":4035,"minecraft:deaths":4,"minecraft:sprint_one_cm":28594,"minecraft:play_time":22248,"minecraft:damage_taken":1230,"minecraft:walk_one_cm":26700,"minecraft:sneak_time":14,"minecraft:walk_under_water_one_cm":539,"minecraft:drop":3,"minecraft:damage_dealt_resisted":4,"minecraft:jump":226,"minecraft:damage_dealt":0,"minecraft:leave_game":3,"minecraft:walk_on_water_one_cm":9230,"minecraft:time_since_death":6434,"minecraft:climb_one_cm":768,"minecraft:total_world_time":22248,"minecraft:damage_dealt_absorbed":6,"minecraft:swim_one_cm":6678,"minecraft:fly_one_cm":38167,"minecraft:fall_one_cm":6834},"minecraft:killed_by":{"minecraft:husk":2,"minecraft:skeleton":1,"minecraft:zombie":1},"minecraft:used":{"alexsmobs:animal_dictionary":1},"minecraft:dropped":{"minecraft:wheat_seeds":3}},"DataVersion":3465}