{"stats":{"minecraft:mined":{"minecraft:grass":1},"minecraft:custom":{"minecraft:jump":120,"minecraft:time_since_rest":6129,"minecraft:damage_taken":750,"minecraft:leave_game":2,"minecraft:time_since_death":7049,"minecraft:play_time":10519,"minecraft:walk_one_cm":19399,"minecraft:sprint_one_cm":10752,"minecraft:walk_on_water_one_cm":9195,"minecraft:deaths":2,"minecraft:sneak_time":14,"minecraft:total_world_time":10519,"minecraft:climb_one_cm":194,"minecraft:walk_under_water_one_cm":539,"minecraft:swim_one_cm":6678,"minecraft:fall_one_cm":3941,"minecraft:fly_one_cm":12725},"minecraft:killed_by":{"minecraft:husk":2}},"DataVersion":3465}